,part,primer,primer_id,received,sequence
0,pCI_part2,re_gibson,EM-25,False,ATAATTGACCTGCTTTTGCTCTCGAGGCTAGCCTATAGTGAGTCGTATTAAGTACTCTAG
1,pCI_part2,fw_gibson,EM-26,False,TGAGATACCTACAGCGTGAGCTATGAGAAAGCGCCACGCTTCCCGAAGGGAGAAAGGCGG
2,A/Victoria/361/2011|KJ942687_part2,re_gibson,EM-27,False,ACTCTAGAGGTACCACGCGTGTAGAAACAAGGTCGTTTTTAAACTATTCAGCATTAATTG
3,A/Victoria/361/2011|KJ942687_part2,fw_gibson,EM-28,False,GAGACCAACGTGGGAATGTATTATTATCTCCTGAGGAGGTCAGTGAAACACAGGGAACTG
4,A/Victoria/361/2011|KJ942687_part1,re_gibson,EM-29,False,ACCTCCTCAGGAGATAATAATACATTCCCACGTTGGTCTCGAACTCTCAAAAACCGATCA
5,A/Victoria/361/2011|KJ942687_part1,fw_gibson,EM-30,False,CACTATAGGCTAGCCTCGAGAGCAAAAGCAGGTCAATTATATTCAGTATGGAAAGAATAA
6,pCI_part1,re_gibson,EM-31,False,AGCGTGGCGCTTTCTCATAGCTCACGCTGTAGGTATCTCAGTTCGGTGTAGGTCGTTCGC
7,pCI_part1,fw_gibson,EM-32,False,AAAAACGACCTTGTTTCTACACGCGTGGTACCTCTAGAGTCGACCCGGGCGGCCGCTTCG
8,A/Victoria/361/2011|KJ942687_part2,fw_gibson,EM-33,False,TTCTTAGACAGAACCCGACTGAAGAACAAGCTGTGGATATATGCAAGGCTGCAATGGGAT
9,A/Victoria/361/2011|KJ942687_part1,re_gibson,EM-34,False,ATATCCACAGCTTGTTCTTCAGTCGGGTTCTGTCTAAGAATGTCCACCATCCTTGTTCCG
10,A/Victoria/361/2011|KJ942687_part2,fw_gibson,EM-35,False,ACATCGACAGTGTGATGGGAATGGTTGGAGTATTACCAGACATGACTCCAAGCACAGAGA
11,A/Victoria/361/2011|KJ942687_part1,re_gibson,EM-36,False,TCTGGTAATACTCCAACCATTCCCATCACACTGTCGATGTGTTCAACTCCCCAATTTTGA
